Mable Songer;7k9WzMkJ;In vehicle nbr: 30;Gulliver;03069990209
Rebecca Haveman;4TnSkfTE;NA;Kiwirail,Mantagi,Ganzmovac;03069990396
Truman Coursey;3B2bGjRS;In station: Wembley Central;Gulliver,Kiwirail;03069990414
Brynn Shouse;RprqUftC;In vehicle nbr: 33;Mantagi,Ganzmovac;03069990589
Mittie Mingo;V76nkmqm;In station: Lambeth North;Gulliver,Kiwirail;03069990197
Dayna Freed;WLu9QrMm;In vehicle nbr: 35;Mantagi,Ganzmovac;03069990803
Clara Kitchin;99EvSxEF;NA;Gulliver,Kiwirail;03069990305
Jene Satter;FNBnsYYu;In station: Queen's Park;Mantagi,Ganzmovac;03069990018
Ayesha Mcgee;pR3jZjBG;In vehicle nbr: 38;Gulliver,Kiwirail,Mantagi;03069990245
Charlotte Mickle;8bsR3bhD;NA;Ganzmovac;03069990959
Milly Teston;ymnZ9fNF;In vehicle nbr: 40;Gulliver,Kiwirail,Mantagi,Ganzmovac;03069990974
Milo Kelley;ZmbyP4mv;In vehicle nbr: 41;Ganzmovac,Gulliver;03069990992
Chadwick Styles;8AGzzWbR;In station: Edgware Road;Gulliver,Kiwirail,Mantagi;03069990567
Hulda Tharrington;fbrC4AKw;In vehicle nbr: 43;Ganzmovac,Gulliver,Mantagi;03069990031
Shalon Medlin;UuHeBJaQ;NA;Kiwirail,Mantagi;03069990794
Hyo Krier;rE53ScEg;In vehicle nbr: 45;Ganzmovac,Gulliver;03069990025
Trinidad Yokoyama;ezYWyJHv;In vehicle nbr: 46;Kiwirail,Mantagi;03069990566
Lanell Hibner;AnZLe6pn;In station: Piccadilly Circus;Ganzmovac,Gulliver;03069990199
Mercy Feth;bSBqyLEP;In vehicle nbr: 48;Kiwirail,Mantagi,Gulliver;03069990751
Thaddeus Attebery;Fbs3fyhh;NA;Ganzmovac,Gulliver,Kiwirail;03069990652
Kacey Brewton;CVuYzWKz;In station: Harlesden;Mantagi;03069990027
Brock Trevino;3QFgM5sX;In vehicle nbr: 51;Ganzmovac,Gulliver,Kiwirail;03069990148
Lenard Letcher;mdqSRQSb;NA;Mantagi;03069990842
Ramiro Yandell;xaQ56Mt7;In vehicle nbr: 53;Ganzmovac,Gulliver,Kiwirail;03069990378
Osvaldo Halladay;8KakpmZ2;NA;Mantagi,Ganzmovac;03069990472
Rosaline Marshal;FAk9Lnaj;In station: Maida Vale;Gulliver,Kiwirail;03069990057
Yuko Etter;F75aAsZK;In vehicle nbr: 56;Mantagi,Ganzmovac,Gulliver;03069990773
Inga Ratliff;CynVRsGj;NA;Gulliver,Kiwirail;03069990455
Brant Logsdon;sLg8Wpcm;In vehicle nbr: 58;Mantagi,Ganzmovac;03069990838
Carin Muldoon;Q9wNPd9u;In vehicle nbr: 59;Gulliver,Kiwirail;03069990046
Hayden Ladwig;XhwUGAWK;In station: Baker Street;Mantagi,Ganzmovac,Gulliver;03069990434
Israel Nunemaker;Nqzhf9X6;In vehicle nbr: 61;Kiwirail,Mantagi;03069990293
Darcy Oyola;Q4TKXJV8;NA;Mantagi,Ganzmovac,Gulliver;03069990493
Misty Mcneese;zTH3j75E;In station: North Wembley;Kiwirail;03069990241
Raymond Gahagan;PHDUdehX;In vehicle nbr: 64;Mantagi,Ganzmovac,Gulliver,Kiwirail;03069990056
Yuette Stainbrook;CBYsW5HU;In station: Waterloo;Kiwirail;03069990462
Temeka Scola;p34ttMYe;In vehicle nbr: 66;Mantagi,Ganzmovac,Gulliver,Kiwirail;03069990973
Ellan Kleis;vywwk4a9;NA;Mantagi,Ganzmovac,Gulliver,Kiwirail;03069990807
Belle Guynn;vbReDNX9;In station: Kensal Green;Mantagi,Ganzmovac,Gulliver,Kiwirail;03069990417
Kip Sagucio;qB5XKrCa;In vehicle nbr: 69;Mantagi,Ganzmovac;03069990176
Ismael Ripple;NcB7hnq3;NA;Ganzmovac,Gulliver,Kiwirail;03069990509
Lorina Willaims;fHyCshh4;In vehicle nbr: 71;Mantagi,Kiwirail;03069990477
Noah Tibbles;3dLJrF6q;NA;Ganzmovac,Gulliver,Kiwirail;03069990878
Bernita Ludlow;b6HRdjsE;In station: Paddington;Mantagi;03069990476
Hoyt Silvers;W6Vu54E6;In vehicle nbr: 74;Ganzmovac,Gulliver,Kiwirail;03069990345
Bernardine Canales;ALECLzTZ;NA;Mantagi,Ganzmovac;03069990248
Hang Benefiel;rDXHqtgJ;In vehicle nbr: 76;Gulliver,Kiwirail,Mantagi;03069990761
Nobuko Toribio;W2CcPB9G;In vehicle nbr: 77;Mantagi,Ganzmovac;03069990179
Tifany Ashley;hjUwbb3Y;In station: Oxford Circus;Gulliver,Kiwirail;03069990367
Clementina Goad;HtTTuZC3;In vehicle nbr: 79;Mantagi,Ganzmovac,Kiwirail;03069990072
Jessie Jepson;ULrMXXsJ;NA;Gulliver,Kiwirail;03069990223
Felix Dubrey;xSyDS4dn;In station: Stonebridge Park;Mantagi,Ganzmovac,Gulliver;03069990610
Daisy Parsley;yQvDdc4h;In vehicle nbr: 2;Kiwirail,Mantagi;03069990687
Dottie Mauldin;psdZQ8pB;In station: Elephant & Castle;Mantagi,Ganzmovac,Gulliver;03069990309
Garfield Laverty;rGhaBD8s;In vehicle nbr: 4;Kiwirail,Gulliver;03069990499
Hilario Cottle;rLcqGecS;NA;Mantagi,Ganzmovac,Gulliver;03069990122
Soraya Lesane;TwaPDDzJ;In station: Kilburn Park;Kiwirail,Mantagi;03069990211
Corliss Smyre;pAcYPB7f;In vehicle nbr: 7;Ganzmovac,Gulliver;03069990982
Gale Chow;CcYhawd8;NA;Kiwirail,Mantagi;03069990266
Kimberlie Ouzts;5FHJWCA3;In vehicle nbr: 9;Ganzmovac,Gulliver,Kiwirail;03069990295
Timika Sedor;exc22kp6;In vehicle nbr: 10;Kiwirail,Mantagi;03069990285
Violeta Lee;jydcHWWv;In station: Marylebone;Ganzmovac,Gulliver;03069990412
Anneliese Haman;GgyfksV4;In vehicle nbr: 12;Kiwirail,Mantagi,Ganzmovac;03069990544
Malcolm Maugeri;V4etDN4H;NA;Gulliver;03069990977
Molly Rodiguez;MbwDYvDP;In vehicle nbr: 14;Kiwirail,Mantagi,Ganzmovac;03069990635
Shirely Engel;uZ5MW2GQ;In vehicle nbr: 15;Gulliver;03069990862
Bess Dazey;8MYZKjxR;In station: Embankment;Kiwirail,Mantagi,Ganzmovac;03069990274
Justine Doubleday;FGzy4BTW;In vehicle nbr: 17;Gulliver,Kiwirail,Mantagi;03069990843
Brooks Owsley;VexUGah5;NA;Mantagi,Ganzmovac;03069990110
Bruna Pogue;E3MdB4qU;In station: Willesden Junction;Gulliver,Kiwirail;03069990673
Sheilah Cimmino;tPHxed74;In vehicle nbr: 20;Mantagi,Ganzmovac,Kiwirail;03069990744
Vilma Alire;8RbnYN94;NA;Gulliver,Kiwirail;03069990646
Edythe Defrancisco;xWYE4AVn;In vehicle nbr: 22;Mantagi,Ganzmovac;03069990543
Gabriela Marotta;QgxK3ehv;NA;Gulliver,Kiwirail,Mantagi;03069990300
Delfina Jamieson;9T7Npwvg;In station: Warwick Avenue;Ganzmovac;03069990365
Dina Perdomo;Xu2gJKfU;In vehicle nbr: 25;Gulliver,Kiwirail,Mantagi,Ganzmovac;03069990556
Miss Mounce;3LqKc7UQ;NA;Ganzmovac;03069990616
Evelina Provost;TLV3F937;In vehicle nbr: 27;Gulliver,Kiwirail,Mantagi;03069990043
Tien Giel;X9cbX2TR;In vehicle nbr: 28;Ganzmovac,Mantagi;03069990671
Pearlene Folger;MhNeuHD3;In station: Regent's Park;Gulliver,Kiwirail,Mantagi,Ganzmovac;03069990027
