'Mable Songer';'7k9WzMkJ';'30';['Gulliver'];'03069990209'
'Rebecca Haveman';'4TnSkfTE';'not_available';['Kiwirail','Mantagi','Ganzmovac'];'03069990396'
'Truman Coursey';'3B2bGjRS';'Wembley Central';['Gulliver','Kiwirail'];'03069990414'
'Brynn Shouse';'RprqUftC';'33';['Mantagi','Ganzmovac'];'03069990589'
'Mittie Mingo';'V76nkmqm';'Lambeth North';['Gulliver','Kiwirail'];'03069990197'
'Dayna Freed';'WLu9QrMm';'35';['Mantagi','Ganzmovac'];'03069990803'
'Clara Kitchin';'99EvSxEF';'not_available';['Gulliver','Kiwirail'];'03069990305'
'Jene Satter';'FNBnsYYu';'Queen s Park';['Mantagi','Ganzmovac'];'03069990018'
'Ayesha Mcgee';'pR3jZjBG';'38';['Gulliver','Kiwirail','Mantagi'];'03069990245'
'Charlotte Mickle';'8bsR3bhD';'not_available';['Ganzmovac'];'03069990959'
'Milly Teston';'ymnZ9fNF';'40';['Gulliver','Kiwirail','Mantagi','Ganzmovac'];'03069990974'
'Milo Kelley';'ZmbyP4mv';'41';['Ganzmovac','Gulliver'];'03069990992'
'Chadwick Styles';'8AGzzWbR';'Edgware Road';['Gulliver','Kiwirail','Mantagi'];'03069990567'
'Hulda Tharrington';'fbrC4AKw';'43';['Ganzmovac','Gulliver','Mantagi'];'03069990031'
'Shalon Medlin';'UuHeBJaQ';'not_available';['Kiwirail','Mantagi'];'03069990794'
'Hyo Krier';'rE53ScEg';'45';['Ganzmovac','Gulliver'];'03069990025'
'Trinidad Yokoyama';'ezYWyJHv';'46';['Kiwirail','Mantagi'];'03069990566'
'Lanell Hibner';'AnZLe6pn';'Piccadilly Circus';['Ganzmovac','Gulliver'];'03069990199'
'Mercy Feth';'bSBqyLEP';'48';['Kiwirail','Mantagi','Gulliver'];'03069990751'
'Thaddeus Attebery';'Fbs3fyhh';'not_available';['Ganzmovac','Gulliver','Kiwirail'];'03069990652'
'Kacey Brewton';'CVuYzWKz';'Harlesden';['Mantagi'];'03069990027'
'Brock Trevino';'3QFgM5sX';'51';['Ganzmovac','Gulliver','Kiwirail'];'03069990148'
'Lenard Letcher';'mdqSRQSb';'not_available';['Mantagi'];'03069990842'
'Ramiro Yandell';'xaQ56Mt7';'53';['Ganzmovac','Gulliver','Kiwirail'];'03069990378'
'Osvaldo Halladay';'8KakpmZ2';'not_available';['Mantagi','Ganzmovac'];'03069990472'
'Rosaline Marshal';'FAk9Lnaj';'Maida Vale';['Gulliver','Kiwirail'];'03069990057'
'Yuko Etter';'F75aAsZK';'56';['Mantagi','Ganzmovac','Gulliver'];'03069990773'
'Inga Ratliff';'CynVRsGj';'not_available';['Gulliver','Kiwirail'];'03069990455'
'Brant Logsdon';'sLg8Wpcm';'58';['Mantagi','Ganzmovac'];'03069990838'
'Carin Muldoon';'Q9wNPd9u';'59';['Gulliver','Kiwirail'];'03069990046'
'Hayden Ladwig';'XhwUGAWK';'Baker Street';['Mantagi','Ganzmovac','Gulliver'];'03069990434'
'Israel Nunemaker';'Nqzhf9X6';'61';['Kiwirail','Mantagi'];'03069990293'
'Darcy Oyola';'Q4TKXJV8';'not_available';['Mantagi','Ganzmovac','Gulliver'];'03069990493'
'Misty Mcneese';'zTH3j75E';'North Wembley';['Kiwirail'];'03069990241'
'Raymond Gahagan';'PHDUdehX';'64';['Mantagi','Ganzmovac','Gulliver','Kiwirail'];'03069990056'
'Yuette Stainbrook';'CBYsW5HU';'Waterloo';['Kiwirail'];'03069990462'
'Temeka Scola';'p34ttMYe';'66';['Mantagi','Ganzmovac','Gulliver','Kiwirail'];'03069990973'
'Ellan Kleis';'vywwk4a9';'not_available';['Mantagi','Ganzmovac','Gulliver','Kiwirail'];'03069990807'
'Belle Guynn';'vbReDNX9';'Kensal Green';['Mantagi','Ganzmovac','Gulliver','Kiwirail'];'03069990417'
'Kip Sagucio';'qB5XKrCa';'69';['Mantagi','Ganzmovac'];'03069990176'
'Ismael Ripple';'NcB7hnq3';'not_available';['Ganzmovac','Gulliver','Kiwirail'];'03069990509'
'Lorina Willaims';'fHyCshh4';'71';['Mantagi','Kiwirail'];'03069990477'
'Noah Tibbles';'3dLJrF6q';'not_available';['Ganzmovac','Gulliver','Kiwirail'];'03069990878'
'Bernita Ludlow';'b6HRdjsE';'Paddington';['Mantagi'];'03069990476'
'Hoyt Silvers';'W6Vu54E6';'74';['Ganzmovac','Gulliver','Kiwirail'];'03069990345'
'Bernardine Canales';'ALECLzTZ';'not_available';['Mantagi','Ganzmovac'];'03069990248'
'Hang Benefiel';'rDXHqtgJ';'76';['Gulliver','Kiwirail','Mantagi'];'03069990761'
'Nobuko Toribio';'W2CcPB9G';'77';['Mantagi','Ganzmovac'];'03069990179'
'Tifany Ashley';'hjUwbb3Y';'Oxford Circus';['Gulliver','Kiwirail'];'03069990367'
'Clementina Goad';'HtTTuZC3';'79';['Mantagi','Ganzmovac','Kiwirail'];'03069990072'
'Jessie Jepson';'ULrMXXsJ';'not_available';['Gulliver','Kiwirail'];'03069990223'
'Felix Dubrey';'xSyDS4dn';'Stonebridge Park';['Mantagi','Ganzmovac','Gulliver'];'03069990610'
'Daisy Parsley';'yQvDdc4h';'2';['Kiwirail','Mantagi'];'03069990687'
'Dottie Mauldin';'psdZQ8pB';'Elephant & Castle';['Mantagi','Ganzmovac','Gulliver'];'03069990309'
'Garfield Laverty';'rGhaBD8s';'4';['Kiwirail','Gulliver'];'03069990499'
'Hilario Cottle';'rLcqGecS';'not_available';['Mantagi','Ganzmovac','Gulliver'];'03069990122'
'Soraya Lesane';'TwaPDDzJ';'Kilburn Park';['Kiwirail','Mantagi'];'03069990211'
'Corliss Smyre';'pAcYPB7f';'7';['Ganzmovac','Gulliver'];'03069990982'
'Gale Chow';'CcYhawd8';'not_available';['Kiwirail','Mantagi'];'03069990266'
'Kimberlie Ouzts';'5FHJWCA3';'9';['Ganzmovac','Gulliver','Kiwirail'];'03069990295'
'Timika Sedor';'exc22kp6';'10';['Kiwirail','Mantagi'];'03069990285'
'Violeta Lee';'jydcHWWv';'Marylebone';['Ganzmovac','Gulliver'];'03069990412'
'Anneliese Haman';'GgyfksV4';'12';['Kiwirail','Mantagi','Ganzmovac'];'03069990544'
'Malcolm Maugeri';'V4etDN4H';'not_available';['Gulliver'];'03069990977'
'Molly Rodiguez';'MbwDYvDP';'14';['Kiwirail','Mantagi','Ganzmovac'];'03069990635'
'Shirely Engel';'uZ5MW2GQ';'15';['Gulliver'];'03069990862'
'Bess Dazey';'8MYZKjxR';'Embankment';['Kiwirail','Mantagi','Ganzmovac'];'03069990274'
'Justine Doubleday';'FGzy4BTW';'17';['Gulliver','Kiwirail','Mantagi'];'03069990843'
'Brooks Owsley';'VexUGah5';'not_available';['Mantagi','Ganzmovac'];'03069990110'
'Bruna Pogue';'E3MdB4qU';'Willesden Junction';['Gulliver','Kiwirail'];'03069990673'
'Sheilah Cimmino';'tPHxed74';'20';['Mantagi','Ganzmovac','Kiwirail'];'03069990744'
'Vilma Alire';'8RbnYN94';'not_available';['Gulliver','Kiwirail'];'03069990646'
'Edythe Defrancisco';'xWYE4AVn';'22';['Mantagi','Ganzmovac'];'03069990543'
'Gabriela Marotta';'QgxK3ehv';'not_available';['Gulliver','Kiwirail','Mantagi'];'03069990300'
'Delfina Jamieson';'9T7Npwvg';'Warwick Avenue';['Ganzmovac'];'03069990365'
'Dina Perdomo';'Xu2gJKfU';'25';['Gulliver','Kiwirail','Mantagi','Ganzmovac'];'03069990556'
'Miss Mounce';'3LqKc7UQ';'not_available';['Ganzmovac'];'03069990616'
'Evelina Provost';'TLV3F937';'27';['Gulliver','Kiwirail','Mantagi'];'03069990043'
'Tien Giel';'X9cbX2TR';'28';['Ganzmovac','Mantagi'];'03069990671'
'Pearlene Folger';'MhNeuHD3';'Regent s Park';['Gulliver','Kiwirail','Mantagi','Ganzmovac'];'03069990027'
''